name,source,square,punisher,power,skull,hoss_score,hoss_level,display_label,internal_label,input_summary,explanation,item_01,item_02,item_03,item_04,item_05,item_06,item_07,item_08,item_09,item_10,item_11,item_12,item_13,item_14,item_15,item_16,item_17,item_18,item_19,item_20,item_21,item_22,item_23,item_24,item_25,item_26,item_27,item_28,item_29,item_30
Walter White,Breaking Bad,3.29,3.85,3.56,3.21,3.5,3,HE'LL YEAH BORTHER,emerging_hoss,Synthetic starter record for Walter White from Breaking Bad.,"Starter label derived from simulated 30-item responses mapped into square, punisher, power, and skull dimensions.",4,4,4,4,5,5,6,5,5,4,5,6,5,4,3,6,6,5,4,5,5,5,4,4,3,4,4,5,4,5
Jesse Pinkman,Breaking Bad,2.38,2.45,2.34,3.25,2.61,2,ANUTHER BARB OR DEB OR JONNY,normie_conventional,Synthetic starter record for Jesse Pinkman from Breaking Bad.,"Starter label derived from simulated 30-item responses mapped into square, punisher, power, and skull dimensions.",3,4,4,2,3,4,2,3,3,3,4,3,2,4,4,5,5,5,4,3,5,3,3,2,3,3,4,2,3,4
Skyler White,Breaking Bad,1.97,1.38,3.01,2.13,2.09,2,ANUTHER BARB OR DEB OR JONNY,normie_conventional,Synthetic starter record for Skyler White from Breaking Bad.,"Starter label derived from simulated 30-item responses mapped into square, punisher, power, and skull dimensions.",3,4,3,3,2,2,3,3,4,4,4,5,3,3,1,3,4,2,4,3,2,3,4,3,3,3,2,4,2,2
Hank Schrader,Breaking Bad,3.2,3.1,2.34,3.26,2.97,2,ANUTHER BARB OR DEB OR JONNY,normie_conventional,Synthetic starter record for Hank Schrader from Breaking Bad.,"Starter label derived from simulated 30-item responses mapped into square, punisher, power, and skull dimensions.",5,4,3,4,4,4,5,3,4,2,3,4,5,5,4,4,4,5,4,4,5,4,5,4,6,4,4,4,4,5
Gus Fring,Breaking Bad,3.85,4.05,3.67,2.99,3.65,3,HE'LL YEAH BORTHER,emerging_hoss,Synthetic starter record for Gus Fring from Breaking Bad.,"Starter label derived from simulated 30-item responses mapped into square, punisher, power, and skull dimensions.",5,5,5,5,5,6,5,5,6,4,5,5,6,5,6,4,4,3,4,4,4,4,5,4,5,6,6,5,5,4
Mike Ehrmantraut,Breaking Bad,4.35,5,4.15,4.23,4.47,4,🔥🖕💀🖕🔥,full_hoss,Synthetic starter record for Mike Ehrmantraut from Breaking Bad.,"Starter label derived from simulated 30-item responses mapped into square, punisher, power, and skull dimensions.",6,5,5,6,6,6,6,5,6,5,5,6,6,6,5,4,6,4,4,4,6,6,6,4,5,5,6,6,5,6
Tuco Salamanca,Breaking Bad,4.56,5,5,4.48,4.78,5,🔥🖕💀🖕🔥,apocalypse_hoss,Synthetic starter record for Tuco Salamanca from Breaking Bad.,"Starter label derived from simulated 30-item responses mapped into square, punisher, power, and skull dimensions.",6,6,6,6,6,6,6,4,6,5,6,6,6,6,5,5,6,5,6,4,6,6,5,6,5,6,6,6,6,6
Lydia Rodarte-Quayle,Breaking Bad,2.64,3.09,2.55,3.87,3.06,3,HE'LL YEAH BORTHER,emerging_hoss,Synthetic starter record for Lydia Rodarte-Quayle from Breaking Bad.,"Starter label derived from simulated 30-item responses mapped into square, punisher, power, and skull dimensions.",3,4,3,4,4,4,6,4,4,4,3,3,3,4,3,4,6,6,5,6,5,3,2,3,4,4,3,3,4,4
Todd Alquist,Breaking Bad,2.96,3.5,4.07,2.96,3.4,3,HE'LL YEAH BORTHER,emerging_hoss,Synthetic starter record for Todd Alquist from Breaking Bad.,"Starter label derived from simulated 30-item responses mapped into square, punisher, power, and skull dimensions.",5,3,4,5,6,4,5,5,5,5,5,5,3,3,5,4,4,3,5,5,5,4,5,5,2,5,5,4,3,5
Walter Jr,Breaking Bad,3.08,3.71,3.08,2.84,3.21,3,HE'LL YEAH BORTHER,emerging_hoss,Synthetic starter record for Walter Jr from Breaking Bad.,"Starter label derived from simulated 30-item responses mapped into square, punisher, power, and skull dimensions.",3,4,5,4,4,4,6,6,5,2,5,4,5,4,5,4,2,5,4,3,5,6,3,4,4,5,4,3,6,6
Jane Margolis,Breaking Bad,4.04,3.93,4.03,3.62,3.9,3,HE'LL YEAH BORTHER,emerging_hoss,Synthetic starter record for Jane Margolis from Breaking Bad.,"Starter label derived from simulated 30-item responses mapped into square, punisher, power, and skull dimensions.",6,4,4,6,5,5,6,6,5,5,5,5,5,6,4,6,4,6,5,5,5,5,6,5,5,5,3,5,6,6
Marie Schrader,Breaking Bad,2.56,3.59,2.94,3.62,3.23,3,HE'LL YEAH BORTHER,emerging_hoss,Synthetic starter record for Marie Schrader from Breaking Bad.,"Starter label derived from simulated 30-item responses mapped into square, punisher, power, and skull dimensions.",3,1,3,5,4,3,4,5,4,4,5,5,4,4,6,5,5,4,4,5,4,4,4,5,3,6,6,3,5,6
Jimmy McGill,Better Call Saul,2.82,3.2,2.61,3.26,2.99,2,ANUTHER BARB OR DEB OR JONNY,normie_conventional,Synthetic starter record for Jimmy McGill from Better Call Saul.,"Starter label derived from simulated 30-item responses mapped into square, punisher, power, and skull dimensions.",3,4,4,4,4,5,4,4,4,4,4,5,3,4,4,3,5,4,3,6,5,5,4,3,5,3,3,3,4,4
Saul Goodman,Better Call Saul,2.76,3.74,3.85,2.45,3.25,3,HE'LL YEAH BORTHER,emerging_hoss,Synthetic starter record for Saul Goodman from Better Call Saul.,"Starter label derived from simulated 30-item responses mapped into square, punisher, power, and skull dimensions.",2,3,3,3,5,5,5,5,6,6,4,4,3,3,5,3,4,2,2,3,3,4,4,4,4,5,5,3,3,3
Kim Wexler,Better Call Saul,3.15,4.07,3.17,2.48,3.26,3,HE'LL YEAH BORTHER,emerging_hoss,Synthetic starter record for Kim Wexler from Better Call Saul.,"Starter label derived from simulated 30-item responses mapped into square, punisher, power, and skull dimensions.",3,3,5,4,5,6,5,6,4,4,4,5,4,3,5,4,3,4,5,5,4,6,4,4,3,5,6,4,3,6
Chuck McGill,Better Call Saul,4.9,5,5,5,4.98,5,🔥🖕💀🖕🔥,apocalypse_hoss,Synthetic starter record for Chuck McGill from Better Call Saul.,"Starter label derived from simulated 30-item responses mapped into square, punisher, power, and skull dimensions.",6,6,6,5,6,5,6,6,6,6,6,6,5,6,6,6,5,6,6,6,6,6,6,5,6,6,5,6,6,6
Howard Hamlin,Better Call Saul,2.65,3.5,3.32,3.05,3.17,3,HE'LL YEAH BORTHER,emerging_hoss,Synthetic starter record for Howard Hamlin from Better Call Saul.,"Starter label derived from simulated 30-item responses mapped into square, punisher, power, and skull dimensions.",4,3,4,3,4,5,5,5,6,4,5,3,5,3,3,4,5,4,3,4,4,3,5,5,4,5,4,4,4,2
Nacho Varga,Better Call Saul,2.49,2.7,2.28,2.51,2.51,2,ANUTHER BARB OR DEB OR JONNY,normie_conventional,Synthetic starter record for Nacho Varga from Better Call Saul.,"Starter label derived from simulated 30-item responses mapped into square, punisher, power, and skull dimensions.",4,4,4,5,3,4,6,2,3,3,3,4,3,4,4,4,2,3,4,3,3,4,3,4,4,4,4,3,2,4
Lalo Salamanca,Better Call Saul,4.61,5,4.48,4.94,4.78,5,🔥🖕💀🖕🔥,apocalypse_hoss,Synthetic starter record for Lalo Salamanca from Better Call Saul.,"Starter label derived from simulated 30-item responses mapped into square, punisher, power, and skull dimensions.",4,6,6,4,6,6,6,4,4,6,6,5,6,5,6,4,6,6,6,6,5,4,5,4,6,5,6,6,6,5
Rich Schweikart,Better Call Saul,4.45,4.5,4.87,4.84,4.67,5,🔥🖕💀🖕🔥,apocalypse_hoss,Synthetic starter record for Rich Schweikart from Better Call Saul.,"Starter label derived from simulated 30-item responses mapped into square, punisher, power, and skull dimensions.",5,5,6,6,4,5,5,6,6,6,6,6,6,5,6,5,6,6,6,6,6,6,4,6,5,6,5,4,6,6
Cliff Main,Better Call Saul,2.31,3.63,3.32,3.84,3.34,3,HE'LL YEAH BORTHER,emerging_hoss,Synthetic starter record for Cliff Main from Better Call Saul.,"Starter label derived from simulated 30-item responses mapped into square, punisher, power, and skull dimensions.",3,2,4,5,4,6,5,5,4,4,5,4,4,4,4,5,5,5,4,5,5,3,4,4,2,6,6,2,6,5
Marco Pasternak,Better Call Saul,3.3,4.32,3.04,2.75,3.4,3,HE'LL YEAH BORTHER,emerging_hoss,Synthetic starter record for Marco Pasternak from Better Call Saul.,"Starter label derived from simulated 30-item responses mapped into square, punisher, power, and skull dimensions.",4,4,4,5,5,5,5,6,4,4,5,4,3,5,6,3,5,4,2,5,4,5,4,4,3,6,5,4,4,5
Marty Byrde,Ozark,4.76,5,5,4.34,4.79,5,🔥🖕💀🖕🔥,apocalypse_hoss,Synthetic starter record for Marty Byrde from Ozark.,"Starter label derived from simulated 30-item responses mapped into square, punisher, power, and skull dimensions.",5,6,5,5,6,5,6,6,6,4,5,5,6,6,4,6,6,5,5,6,4,6,6,6,6,5,6,5,5,6
Wendy Byrde,Ozark,3.38,3.29,3.54,4.01,3.55,3,HE'LL YEAH BORTHER,emerging_hoss,Synthetic starter record for Wendy Byrde from Ozark.,"Starter label derived from simulated 30-item responses mapped into square, punisher, power, and skull dimensions.",4,5,5,5,3,6,6,3,5,5,5,5,4,4,4,6,4,4,5,3,5,4,5,4,4,4,4,4,5,5
Ruth Langmore,Ozark,3.04,2.51,2.39,3.09,2.73,2,ANUTHER BARB OR DEB OR JONNY,normie_conventional,Synthetic starter record for Ruth Langmore from Ozark.,"Starter label derived from simulated 30-item responses mapped into square, punisher, power, and skull dimensions.",5,4,4,5,2,1,4,4,4,2,4,3,4,4,4,6,2,3,3,5,3,4,4,1,5,4,3,4,4,4
Darlene Snell,Ozark,2.71,3.76,2.55,2.43,2.91,2,ANUTHER BARB OR DEB OR JONNY,normie_conventional,Synthetic starter record for Darlene Snell from Ozark.,"Starter label derived from simulated 30-item responses mapped into square, punisher, power, and skull dimensions.",4,4,3,3,5,5,5,4,4,4,3,4,3,3,5,4,3,4,3,5,3,5,3,4,5,3,4,4,3,4
Jonah Byrde,Ozark,2.6,1.81,2.41,1.71,2.09,2,ANUTHER BARB OR DEB OR JONNY,normie_conventional,Synthetic starter record for Jonah Byrde from Ozark.,"Starter label derived from simulated 30-item responses mapped into square, punisher, power, and skull dimensions.",4,3,4,4,2,2,3,3,3,3,3,3,3,5,3,3,1,3,3,3,4,5,5,3,5,3,1,5,2,2
Charlotte Byrde,Ozark,2.69,2.62,1.9,3.22,2.6,2,ANUTHER BARB OR DEB OR JONNY,normie_conventional,Synthetic starter record for Charlotte Byrde from Ozark.,"Starter label derived from simulated 30-item responses mapped into square, punisher, power, and skull dimensions.",4,3,4,4,3,4,4,4,3,1,4,3,4,3,4,4,3,4,4,4,3,4,3,3,3,4,5,4,4,4
Omar Navarro,Ozark,4.48,3.99,4.55,4.8,4.43,4,🔥🖕💀🖕🔥,full_hoss,Synthetic starter record for Omar Navarro from Ozark.,"Starter label derived from simulated 30-item responses mapped into square, punisher, power, and skull dimensions.",6,6,5,6,4,5,6,5,6,6,6,5,6,6,4,6,6,6,6,6,6,5,6,5,6,5,6,6,6,5
Helen Pierce,Ozark,3.32,3.17,3.55,2.85,3.21,3,HE'LL YEAH BORTHER,emerging_hoss,Synthetic starter record for Helen Pierce from Ozark.,"Starter label derived from simulated 30-item responses mapped into square, punisher, power, and skull dimensions.",5,4,3,4,4,5,3,4,5,5,6,6,4,3,5,5,5,4,3,3,5,4,3,4,6,6,4,4,4,4
Wyatt Langmore,Ozark,4.6,4.9,4.97,4.23,4.69,5,🔥🖕💀🖕🔥,apocalypse_hoss,Synthetic starter record for Wyatt Langmore from Ozark.,"Starter label derived from simulated 30-item responses mapped into square, punisher, power, and skull dimensions.",6,6,6,6,6,6,6,6,6,5,6,6,6,6,5,6,6,5,5,6,5,6,5,6,5,6,5,5,6,6
Jacob Snell,Ozark,4.33,4.66,3.6,3.75,4.1,4,🔥🖕💀🖕🔥,full_hoss,Synthetic starter record for Jacob Snell from Ozark.,"Starter label derived from simulated 30-item responses mapped into square, punisher, power, and skull dimensions.",6,6,6,4,5,6,6,6,4,4,4,4,6,5,6,6,6,5,4,5,6,6,6,5,6,6,6,6,4,6
Michael Bluth,Arrested Development,4.07,4.43,3.8,3.86,4.06,4,🔥🖕💀🖕🔥,full_hoss,Synthetic starter record for Michael Bluth from Arrested Development.,"Starter label derived from simulated 30-item responses mapped into square, punisher, power, and skull dimensions.",6,4,5,5,6,4,4,6,4,5,5,5,6,5,5,4,6,4,5,6,4,6,4,5,4,4,6,6,5,5
Lucille Bluth,Arrested Development,2.1,0.84,2.13,1.65,1.61,1,WHISPURIN LIBRUL,soft_square,Synthetic starter record for Lucille Bluth from Arrested Development.,"Starter label derived from simulated 30-item responses mapped into square, punisher, power, and skull dimensions.",4,3,3,5,1,1,1,1,2,3,3,2,2,4,1,2,3,4,4,3,3,3,5,4,3,2,2,3,2,1
George Bluth Sr,Arrested Development,3.57,3.55,3.17,3.1,3.35,3,HE'LL YEAH BORTHER,emerging_hoss,Synthetic starter record for George Bluth Sr from Arrested Development.,"Starter label derived from simulated 30-item responses mapped into square, punisher, power, and skull dimensions.",5,3,5,4,6,3,5,4,4,5,6,5,5,4,5,3,4,4,5,5,4,5,4,4,5,5,4,4,3,6
Gob Bluth,Arrested Development,3.23,2.65,3.47,2.97,3.05,3,HE'LL YEAH BORTHER,emerging_hoss,Synthetic starter record for Gob Bluth from Arrested Development.,"Starter label derived from simulated 30-item responses mapped into square, punisher, power, and skull dimensions.",3,5,4,5,3,4,4,3,5,4,5,4,4,2,5,4,3,4,4,5,3,5,4,6,4,4,3,3,5,4
Buster Bluth,Arrested Development,1.88,0.87,1.86,0.97,1.34,0,WHISPURIN LIBRUL,low_hoss,Synthetic starter record for Buster Bluth from Arrested Development.,"Starter label derived from simulated 30-item responses mapped into square, punisher, power, and skull dimensions.",2,4,2,4,3,3,2,2,3,5,2,3,3,2,1,2,2,1,2,1,2,3,4,2,3,1,1,3,2,2
Lindsay Bluth,Arrested Development,3.0,2.85,2.88,3.18,2.97,2,ANUTHER BARB OR DEB OR JONNY,normie_conventional,Synthetic starter record for Lindsay Bluth from Arrested Development.,"Starter label derived from simulated 30-item responses mapped into square, punisher, power, and skull dimensions.",4,3,4,4,4,5,3,4,4,4,5,4,6,5,4,5,6,4,4,3,5,5,4,4,4,4,3,5,4,3
Tobias Funke,Arrested Development,3.17,3.62,2.99,2.87,3.18,3,HE'LL YEAH BORTHER,emerging_hoss,Synthetic starter record for Tobias Funke from Arrested Development.,"Starter label derived from simulated 30-item responses mapped into square, punisher, power, and skull dimensions.",4,2,3,5,5,4,5,6,5,3,4,3,4,3,4,4,4,4,3,5,4,3,4,5,3,5,4,5,4,4
Maeby Funke,Arrested Development,3.55,3.13,2.2,3.36,3.04,3,HE'LL YEAH BORTHER,emerging_hoss,Synthetic starter record for Maeby Funke from Arrested Development.,"Starter label derived from simulated 30-item responses mapped into square, punisher, power, and skull dimensions.",6,5,5,6,5,4,5,5,2,3,2,3,5,4,2,5,5,6,3,5,6,6,4,3,4,5,5,5,3,5
George Michael Bluth,Arrested Development,2.42,2.71,2.39,1.15,2.18,2,ANUTHER BARB OR DEB OR JONNY,normie_conventional,Synthetic starter record for George Michael Bluth from Arrested Development.,"Starter label derived from simulated 30-item responses mapped into square, punisher, power, and skull dimensions.",3,3,4,3,4,4,4,2,3,3,3,3,4,3,3,1,3,1,2,3,3,4,2,5,3,4,4,4,2,4
Oscar Bluth,Arrested Development,3.58,4.17,3.43,4.04,3.84,3,HE'LL YEAH BORTHER,emerging_hoss,Synthetic starter record for Oscar Bluth from Arrested Development.,"Starter label derived from simulated 30-item responses mapped into square, punisher, power, and skull dimensions.",4,5,4,4,6,4,6,6,6,4,5,6,4,4,6,5,5,5,5,5,5,6,4,5,6,4,6,6,4,4
The Doctor 9,Doctor Who,4.7,3.68,4.18,3.61,3.99,3,HE'LL YEAH BORTHER,emerging_hoss,Synthetic starter record for The Doctor 9 from Doctor Who.,"Starter label derived from simulated 30-item responses mapped into square, punisher, power, and skull dimensions.",5,5,6,5,5,4,5,5,6,6,6,6,6,6,4,5,5,5,5,4,4,5,6,5,4,6,6,6,4,5
The Doctor 10,Doctor Who,3.46,2.98,3.22,5,3.64,3,HE'LL YEAH BORTHER,emerging_hoss,Synthetic starter record for The Doctor 10 from Doctor Who.,"Starter label derived from simulated 30-item responses mapped into square, punisher, power, and skull dimensions.",4,4,5,4,4,3,3,5,4,5,3,4,5,5,3,6,6,5,6,5,5,4,2,4,4,3,4,5,6,5
The Doctor 11,Doctor Who,4.0,3.98,3.76,2.64,3.59,3,HE'LL YEAH BORTHER,emerging_hoss,Synthetic starter record for The Doctor 11 from Doctor Who.,"Starter label derived from simulated 30-item responses mapped into square, punisher, power, and skull dimensions.",5,5,5,5,6,6,4,4,5,3,4,4,4,4,4,3,4,5,2,4,4,5,6,5,6,4,4,6,4,4
The Doctor 12,Doctor Who,2.45,3.45,2.4,3.13,2.91,2,ANUTHER BARB OR DEB OR JONNY,normie_conventional,Synthetic starter record for The Doctor 12 from Doctor Who.,"Starter label derived from simulated 30-item responses mapped into square, punisher, power, and skull dimensions.",2,2,4,4,5,5,5,3,4,3,4,3,2,2,5,4,4,4,4,4,4,4,5,3,5,6,6,4,4,5
Rose Tyler,Doctor Who,4.27,5,4.24,4.24,4.47,4,🔥🖕💀🖕🔥,full_hoss,Synthetic starter record for Rose Tyler from Doctor Who.,"Starter label derived from simulated 30-item responses mapped into square, punisher, power, and skull dimensions.",5,4,6,4,6,6,6,5,6,5,6,5,5,5,5,4,6,6,5,5,6,5,6,6,4,6,6,5,5,5
Donna Noble,Doctor Who,3.68,3.77,3.35,4.43,3.81,3,HE'LL YEAH BORTHER,emerging_hoss,Synthetic starter record for Donna Noble from Doctor Who.,"Starter label derived from simulated 30-item responses mapped into square, punisher, power, and skull dimensions.",6,4,4,4,6,6,4,3,4,5,6,4,4,4,3,6,5,6,4,4,6,4,5,4,4,5,5,3,6,5
Martha Jones,Doctor Who,4.91,4.18,4.34,5,4.57,5,🔥🖕💀🖕🔥,apocalypse_hoss,Synthetic starter record for Martha Jones from Doctor Who.,"Starter label derived from simulated 30-item responses mapped into square, punisher, power, and skull dimensions.",6,5,6,6,6,6,5,5,5,3,5,6,6,5,5,6,6,5,6,6,6,5,6,6,6,4,4,6,6,5
Amy Pond,Doctor Who,2.69,3.0,2.02,2.93,2.68,2,ANUTHER BARB OR DEB OR JONNY,normie_conventional,Synthetic starter record for Amy Pond from Doctor Who.,"Starter label derived from simulated 30-item responses mapped into square, punisher, power, and skull dimensions.",3,4,4,4,5,4,5,5,3,3,2,3,4,4,6,4,5,3,3,4,4,3,5,3,5,2,4,4,4,4
River Song,Doctor Who,2.6,2.16,2.4,1.62,2.17,2,ANUTHER BARB OR DEB OR JONNY,normie_conventional,Synthetic starter record for River Song from Doctor Who.,"Starter label derived from simulated 30-item responses mapped into square, punisher, power, and skull dimensions.",5,3,5,4,3,3,4,3,2,3,5,3,3,4,4,4,3,3,3,3,2,5,5,3,5,4,3,2,3,3
The Master,Doctor Who,2.28,0.97,2.08,1.83,1.72,1,WHISPURIN LIBRUL,soft_square,Synthetic starter record for The Master from Doctor Who.,"Starter label derived from simulated 30-item responses mapped into square, punisher, power, and skull dimensions.",2,3,4,4,2,2,1,2,3,4,3,3,3,3,4,3,3,5,4,2,3,4,5,4,4,1,1,3,3,1
Davros,Doctor Who,4.15,4.37,4.56,4.05,4.3,4,🔥🖕💀🖕🔥,full_hoss,Synthetic starter record for Davros from Doctor Who.,"Starter label derived from simulated 30-item responses mapped into square, punisher, power, and skull dimensions.",5,5,6,5,5,6,5,6,5,6,5,6,5,5,6,5,6,4,5,6,5,6,5,6,6,5,6,5,5,6
Dalek,Doctor Who,1.92,1.47,2.06,1.96,1.83,1,WHISPURIN LIBRUL,soft_square,Synthetic starter record for Dalek from Doctor Who.,"Starter label derived from simulated 30-item responses mapped into square, punisher, power, and skull dimensions.",3,2,3,3,3,2,3,3,4,3,3,3,4,4,2,2,3,3,2,2,3,3,2,2,3,1,3,3,3,2
Cyberman,Doctor Who,5,4.7,3.75,5.0,4.59,5,🔥🖕💀🖕🔥,apocalypse_hoss,Synthetic starter record for Cyberman from Doctor Who.,"Starter label derived from simulated 30-item responses mapped into square, punisher, power, and skull dimensions.",6,5,6,6,4,6,6,6,5,4,5,5,6,6,5,6,6,6,6,5,6,5,6,4,6,5,6,5,5,6
Captain Jack Harkness,Doctor Who,3.56,3.77,3.91,3.37,3.66,3,HE'LL YEAH BORTHER,emerging_hoss,Synthetic starter record for Captain Jack Harkness from Doctor Who.,"Starter label derived from simulated 30-item responses mapped into square, punisher, power, and skull dimensions.",5,5,5,6,5,5,5,4,6,5,4,4,4,4,6,3,5,4,3,4,4,5,4,5,3,4,5,5,4,4
Peter Griffin,Family Guy,4.4,3.94,3.18,4.29,3.93,3,HE'LL YEAH BORTHER,emerging_hoss,Synthetic starter record for Peter Griffin from Family Guy.,"Starter label derived from simulated 30-item responses mapped into square, punisher, power, and skull dimensions.",5,5,6,5,5,5,5,6,6,4,5,3,6,5,3,5,6,5,4,6,5,6,6,5,5,5,6,6,6,3
Lois Griffin,Family Guy,3.86,2.7,3.56,3.22,3.28,3,HE'LL YEAH BORTHER,emerging_hoss,Synthetic starter record for Lois Griffin from Family Guy.,"Starter label derived from simulated 30-item responses mapped into square, punisher, power, and skull dimensions.",4,4,5,4,2,3,3,3,4,4,5,4,4,6,4,5,5,4,4,5,4,5,5,5,5,4,4,5,5,4
Stewie Griffin,Family Guy,3.56,3.75,3.79,3.57,3.68,3,HE'LL YEAH BORTHER,emerging_hoss,Synthetic starter record for Stewie Griffin from Family Guy.,"Starter label derived from simulated 30-item responses mapped into square, punisher, power, and skull dimensions.",4,4,4,4,4,5,5,5,4,5,5,5,4,6,5,6,4,5,5,5,5,4,6,5,4,5,4,5,5,4
Brian Griffin,Family Guy,3.05,2.03,2.57,2.75,2.55,2,ANUTHER BARB OR DEB OR JONNY,normie_conventional,Synthetic starter record for Brian Griffin from Family Guy.,"Starter label derived from simulated 30-item responses mapped into square, punisher, power, and skull dimensions.",3,5,3,3,3,2,3,2,4,3,4,2,4,4,3,4,4,3,2,4,3,4,4,2,3,3,2,4,4,2
Meg Griffin,Family Guy,2.32,2.92,2.39,3.61,2.84,2,ANUTHER BARB OR DEB OR JONNY,normie_conventional,Synthetic starter record for Meg Griffin from Family Guy.,"Starter label derived from simulated 30-item responses mapped into square, punisher, power, and skull dimensions.",4,3,3,3,4,4,3,3,5,4,3,5,4,2,4,5,5,5,6,5,3,3,3,2,4,4,3,3,4,4
Chris Griffin,Family Guy,2.78,4.56,3.13,2.63,3.36,3,HE'LL YEAH BORTHER,emerging_hoss,Synthetic starter record for Chris Griffin from Family Guy.,"Starter label derived from simulated 30-item responses mapped into square, punisher, power, and skull dimensions.",4,4,3,4,4,5,6,5,3,5,5,4,2,4,6,4,5,3,3,4,5,3,5,2,4,5,6,4,3,5
Glenn Quagmire,Family Guy,2.51,2.79,1.92,1.94,2.31,2,ANUTHER BARB OR DEB OR JONNY,normie_conventional,Synthetic starter record for Glenn Quagmire from Family Guy.,"Starter label derived from simulated 30-item responses mapped into square, punisher, power, and skull dimensions.",5,3,4,4,4,3,4,4,2,4,2,2,4,4,3,3,2,2,4,3,3,4,4,4,4,4,4,4,3,3
Joe Swanson,Family Guy,4.0,4.12,3.94,3.25,3.83,3,HE'LL YEAH BORTHER,emerging_hoss,Synthetic starter record for Joe Swanson from Family Guy.,"Starter label derived from simulated 30-item responses mapped into square, punisher, power, and skull dimensions.",5,4,5,6,6,6,4,5,4,5,6,6,3,4,4,5,4,4,6,4,4,6,5,4,3,4,3,5,4,6
Cleveland Brown,Family Guy,3.79,4.3,4.04,3.08,3.83,3,HE'LL YEAH BORTHER,emerging_hoss,Synthetic starter record for Cleveland Brown from Family Guy.,"Starter label derived from simulated 30-item responses mapped into square, punisher, power, and skull dimensions.",5,4,5,5,6,6,5,6,6,6,4,6,5,5,6,3,4,5,4,5,5,5,5,5,5,5,5,6,5,6
Mayor Adam West,Family Guy,4.1,3.88,3.52,4.56,4.0,4,🔥🖕💀🖕🔥,full_hoss,Synthetic starter record for Mayor Adam West from Family Guy.,"Starter label derived from simulated 30-item responses mapped into square, punisher, power, and skull dimensions.",4,6,6,6,4,5,4,5,4,4,5,4,5,6,4,5,6,5,5,5,5,6,4,5,4,5,5,5,6,6
Stan Smith,American Dad,2.52,2.78,2.24,2.44,2.51,2,ANUTHER BARB OR DEB OR JONNY,normie_conventional,Synthetic starter record for Stan Smith from American Dad.,"Starter label derived from simulated 30-item responses mapped into square, punisher, power, and skull dimensions.",3,4,4,4,4,4,4,3,2,4,3,2,4,3,4,4,3,2,3,4,3,2,4,5,3,5,4,4,5,3
Francine Smith,American Dad,3.98,4.04,3.96,3.96,3.99,3,HE'LL YEAH BORTHER,emerging_hoss,Synthetic starter record for Francine Smith from American Dad.,"Starter label derived from simulated 30-item responses mapped into square, punisher, power, and skull dimensions.",5,6,6,5,5,5,6,4,5,4,4,5,5,5,6,4,5,5,6,4,6,5,6,6,5,6,5,5,5,4
Hayley Smith,American Dad,4.12,3.74,4.81,4.46,4.26,4,🔥🖕💀🖕🔥,full_hoss,Synthetic starter record for Hayley Smith from American Dad.,"Starter label derived from simulated 30-item responses mapped into square, punisher, power, and skull dimensions.",3,6,5,4,5,4,4,5,6,5,4,6,6,6,6,6,6,5,3,5,5,4,5,6,5,5,5,6,6,6
Steve Smith,American Dad,3.77,4.26,3.21,3.49,3.71,3,HE'LL YEAH BORTHER,emerging_hoss,Synthetic starter record for Steve Smith from American Dad.,"Starter label derived from simulated 30-item responses mapped into square, punisher, power, and skull dimensions.",5,4,4,6,6,6,5,6,3,4,5,5,4,4,5,3,5,5,4,5,5,5,5,5,4,5,5,6,4,6
Roger,American Dad,3.38,1.99,1.99,1.76,2.21,2,ANUTHER BARB OR DEB OR JONNY,normie_conventional,Synthetic starter record for Roger from American Dad.,"Starter label derived from simulated 30-item responses mapped into square, punisher, power, and skull dimensions.",4,2,4,4,2,3,3,4,5,3,2,2,5,4,3,3,3,3,3,1,3,5,3,2,5,3,3,3,3,2
Klaus,American Dad,2.46,1.79,1.89,2.79,2.2,2,ANUTHER BARB OR DEB OR JONNY,normie_conventional,Synthetic starter record for Klaus from American Dad.,"Starter label derived from simulated 30-item responses mapped into square, punisher, power, and skull dimensions.",2,5,3,4,2,2,3,2,4,2,2,3,4,4,3,4,4,3,2,5,4,4,3,3,3,3,4,2,4,2
Avery Bullock,American Dad,2.25,2.38,2.18,2.77,2.4,2,ANUTHER BARB OR DEB OR JONNY,normie_conventional,Synthetic starter record for Avery Bullock from American Dad.,"Starter label derived from simulated 30-item responses mapped into square, punisher, power, and skull dimensions.",2,4,4,2,4,4,2,4,3,4,4,4,1,4,5,3,6,3,3,3,5,4,3,3,1,3,2,3,4,4
Jeff Fischer,American Dad,4.59,4.51,4.04,3.61,4.18,4,🔥🖕💀🖕🔥,full_hoss,Synthetic starter record for Jeff Fischer from American Dad.,"Starter label derived from simulated 30-item responses mapped into square, punisher, power, and skull dimensions.",6,6,5,6,5,6,5,5,5,5,6,4,6,6,5,5,4,4,4,5,5,6,6,6,5,5,5,6,3,6
Homer Simpson,The Simpsons,3.35,2.85,4.5,4.43,3.76,3,HE'LL YEAH BORTHER,emerging_hoss,Synthetic starter record for Homer Simpson from The Simpsons.,"Starter label derived from simulated 30-item responses mapped into square, punisher, power, and skull dimensions.",4,4,5,4,5,6,3,3,6,6,6,6,4,4,3,5,5,6,4,6,4,3,3,5,5,3,4,4,6,3
Marge Simpson,The Simpsons,4.74,4.91,4.29,2.94,4.23,4,🔥🖕💀🖕🔥,full_hoss,Synthetic starter record for Marge Simpson from The Simpsons.,"Starter label derived from simulated 30-item responses mapped into square, punisher, power, and skull dimensions.",6,6,5,6,5,5,6,6,5,5,6,6,6,5,6,4,5,5,4,5,4,6,5,6,6,5,5,4,4,6
Bart Simpson,The Simpsons,2.94,3.46,3.19,1.92,2.91,2,ANUTHER BARB OR DEB OR JONNY,normie_conventional,Synthetic starter record for Bart Simpson from The Simpsons.,"Starter label derived from simulated 30-item responses mapped into square, punisher, power, and skull dimensions.",4,4,4,3,4,5,5,6,3,5,4,4,4,4,5,2,3,3,2,4,2,4,4,4,3,4,5,4,3,4
Lisa Simpson,The Simpsons,1.81,1.53,1.9,2.62,1.95,1,WHISPURIN LIBRUL,soft_square,Synthetic starter record for Lisa Simpson from The Simpsons.,"Starter label derived from simulated 30-item responses mapped into square, punisher, power, and skull dimensions.",3,4,1,2,3,3,1,2,4,2,2,2,2,3,3,2,5,3,3,5,4,2,2,2,2,2,3,3,3,5
Maggie Simpson,The Simpsons,3.06,3.72,3.28,3.6,3.45,3,HE'LL YEAH BORTHER,emerging_hoss,Synthetic starter record for Maggie Simpson from The Simpsons.,"Starter label derived from simulated 30-item responses mapped into square, punisher, power, and skull dimensions.",4,4,5,3,4,5,5,5,5,5,4,5,2,3,4,6,4,4,5,6,5,4,4,3,4,4,3,4,4,5
Mr Burns,The Simpsons,1.76,1.82,1.49,1.21,1.57,1,WHISPURIN LIBRUL,soft_square,Synthetic starter record for Mr Burns from The Simpsons.,"Starter label derived from simulated 30-item responses mapped into square, punisher, power, and skull dimensions.",2,3,1,2,2,2,3,1,2,2,3,1,3,3,3,3,3,1,3,2,2,4,2,2,2,2,4,3,3,3
Ned Flanders,The Simpsons,2.0,2.98,2.58,3.22,2.74,2,ANUTHER BARB OR DEB OR JONNY,normie_conventional,Synthetic starter record for Ned Flanders from The Simpsons.,"Starter label derived from simulated 30-item responses mapped into square, punisher, power, and skull dimensions.",5,3,1,2,5,4,4,3,4,4,4,5,4,4,3,5,3,4,4,3,4,4,3,5,3,3,3,4,5,4
Moe Szyslak,The Simpsons,1.36,2.14,2.46,2.47,2.15,2,ANUTHER BARB OR DEB OR JONNY,normie_conventional,Synthetic starter record for Moe Szyslak from The Simpsons.,"Starter label derived from simulated 30-item responses mapped into square, punisher, power, and skull dimensions.",1,3,2,2,4,3,3,3,4,4,4,4,2,2,4,3,4,4,3,2,4,3,2,3,3,3,3,2,4,2
Chief Wiggum,The Simpsons,2.75,2.78,2.55,2.37,2.61,2,ANUTHER BARB OR DEB OR JONNY,normie_conventional,Synthetic starter record for Chief Wiggum from The Simpsons.,"Starter label derived from simulated 30-item responses mapped into square, punisher, power, and skull dimensions.",3,3,4,4,3,3,5,3,3,3,4,4,3,4,4,5,3,3,4,3,3,4,5,2,4,5,4,3,3,5
Comic Book Guy,The Simpsons,5.0,5,4.19,4.14,4.58,5,🔥🖕💀🖕🔥,apocalypse_hoss,Synthetic starter record for Comic Book Guy from The Simpsons.,"Starter label derived from simulated 30-item responses mapped into square, punisher, power, and skull dimensions.",5,5,6,6,5,6,6,6,6,3,5,5,6,6,6,5,6,6,6,5,5,6,5,6,6,4,6,6,5,6
Fry,Futurama,4.42,4.2,3.91,4.29,4.19,4,🔥🖕💀🖕🔥,full_hoss,Synthetic starter record for Fry from Futurama.,"Starter label derived from simulated 30-item responses mapped into square, punisher, power, and skull dimensions.",6,6,6,5,5,5,5,5,4,5,5,4,5,4,6,6,3,5,5,6,6,5,5,4,6,6,5,6,4,5
Leela,Futurama,3.44,3.69,3.18,2.54,3.22,3,HE'LL YEAH BORTHER,emerging_hoss,Synthetic starter record for Leela from Futurama.,"Starter label derived from simulated 30-item responses mapped into square, punisher, power, and skull dimensions.",3,4,4,2,6,4,4,5,2,5,4,5,4,5,5,4,2,2,4,5,3,5,5,5,5,4,5,4,3,4
Bender,Futurama,3.39,3.79,3.74,3.56,3.64,3,HE'LL YEAH BORTHER,emerging_hoss,Synthetic starter record for Bender from Futurama.,"Starter label derived from simulated 30-item responses mapped into square, punisher, power, and skull dimensions.",4,3,3,4,5,5,4,4,4,6,4,5,3,4,4,6,4,4,4,4,5,4,4,4,4,5,6,6,4,5
Professor Farnsworth,Futurama,3.52,3.2,3.73,4.09,3.62,3,HE'LL YEAH BORTHER,emerging_hoss,Synthetic starter record for Professor Farnsworth from Futurama.,"Starter label derived from simulated 30-item responses mapped into square, punisher, power, and skull dimensions.",3,5,5,3,4,4,3,5,5,4,5,5,5,5,5,4,5,5,3,6,5,4,3,5,5,4,4,4,5,4
Amy Wong,Futurama,2.45,3.45,2.99,2.73,2.95,2,ANUTHER BARB OR DEB OR JONNY,normie_conventional,Synthetic starter record for Amy Wong from Futurama.,"Starter label derived from simulated 30-item responses mapped into square, punisher, power, and skull dimensions.",3,3,4,5,4,5,5,6,5,5,4,4,2,4,4,3,5,4,3,5,3,4,3,3,3,5,3,3,4,6
Hermes Conrad,Futurama,3.51,4.66,3.85,3.96,4.05,4,🔥🖕💀🖕🔥,full_hoss,Synthetic starter record for Hermes Conrad from Futurama.,"Starter label derived from simulated 30-item responses mapped into square, punisher, power, and skull dimensions.",5,4,4,4,6,5,6,6,4,5,5,4,3,5,5,5,3,5,4,4,5,5,4,4,5,4,6,5,6,6
Dr Zoidberg,Futurama,2.47,2.17,1.69,1.75,2.0,2,ANUTHER BARB OR DEB OR JONNY,normie_conventional,Synthetic starter record for Dr Zoidberg from Futurama.,"Starter label derived from simulated 30-item responses mapped into square, punisher, power, and skull dimensions.",3,2,3,3,3,2,1,2,3,1,3,3,3,3,4,3,3,3,3,4,2,3,3,3,3,5,4,2,3,4
Zapp Brannigan,Futurama,1.24,1.46,1.16,1.81,1.43,0,WHISPURIN LIBRUL,low_hoss,Synthetic starter record for Zapp Brannigan from Futurama.,"Starter label derived from simulated 30-item responses mapped into square, punisher, power, and skull dimensions.",2,2,2,2,3,2,3,3,1,2,2,2,2,4,2,4,3,2,1,3,1,3,3,2,2,2,3,2,2,2
Kif Kroker,Futurama,3.9,4.47,3.93,4.51,4.23,4,🔥🖕💀🖕🔥,full_hoss,Synthetic starter record for Kif Kroker from Futurama.,"Starter label derived from simulated 30-item responses mapped into square, punisher, power, and skull dimensions.",5,4,5,6,6,6,6,6,6,6,6,5,5,4,6,5,6,6,5,5,6,4,5,6,4,6,6,6,5,6
Mom,Futurama,2.37,0.55,1.9,2.08,1.63,1,WHISPURIN LIBRUL,soft_square,Synthetic starter record for Mom from Futurama.,"Starter label derived from simulated 30-item responses mapped into square, punisher, power, and skull dimensions.",3,4,4,4,2,2,1,1,3,3,3,3,6,2,2,3,3,4,3,2,3,3,2,3,3,1,2,4,3,3
Cloud Strife,Final Fantasy,4.85,5,5,4.71,4.9,5,🔥🖕💀🖕🔥,apocalypse_hoss,Synthetic starter record for Cloud Strife from Final Fantasy.,"Starter label derived from simulated 30-item responses mapped into square, punisher, power, and skull dimensions.",6,6,6,5,6,6,5,6,6,5,6,5,6,6,6,6,6,5,6,6,5,6,6,6,5,6,5,6,6,6
Tifa Lockhart,Final Fantasy,4.59,5,5,4.41,4.77,5,🔥🖕💀🖕🔥,apocalypse_hoss,Synthetic starter record for Tifa Lockhart from Final Fantasy.,"Starter label derived from simulated 30-item responses mapped into square, punisher, power, and skull dimensions.",6,6,6,5,5,6,6,6,6,6,5,6,6,6,6,6,6,6,4,5,6,6,4,6,4,5,6,6,6,6
Aerith Gainsborough,Final Fantasy,1.47,2.17,1.65,3.02,2.11,2,ANUTHER BARB OR DEB OR JONNY,normie_conventional,Synthetic starter record for Aerith Gainsborough from Final Fantasy.,"Starter label derived from simulated 30-item responses mapped into square, punisher, power, and skull dimensions.",3,3,3,4,3,2,4,3,1,1,4,3,2,1,2,5,2,4,6,4,3,3,3,3,2,2,4,3,4,4
Barret Wallace,Final Fantasy,1.9,4.04,3.3,2.49,3.04,3,HE'LL YEAH BORTHER,emerging_hoss,Synthetic starter record for Barret Wallace from Final Fantasy.,"Starter label derived from simulated 30-item responses mapped into square, punisher, power, and skull dimensions.",2,3,3,1,5,4,5,6,5,3,5,5,3,3,6,3,3,3,4,2,5,2,4,3,2,5,6,2,4,5
Sephiroth,Final Fantasy,4.01,4.99,5,5,4.8,5,🔥🖕💀🖕🔥,apocalypse_hoss,Synthetic starter record for Sephiroth from Final Fantasy.,"Starter label derived from simulated 30-item responses mapped into square, punisher, power, and skull dimensions.",5,4,5,5,6,6,6,6,6,5,6,5,5,4,5,4,6,5,6,6,6,4,4,5,5,6,6,5,6,6
Zack Fair,Final Fantasy,2.95,3.15,3.13,3.47,3.18,3,HE'LL YEAH BORTHER,emerging_hoss,Synthetic starter record for Zack Fair from Final Fantasy.,"Starter label derived from simulated 30-item responses mapped into square, punisher, power, and skull dimensions.",3,5,3,3,5,4,4,3,3,3,5,5,5,4,4,5,5,4,5,6,3,3,3,5,5,4,5,4,5,4
Cid Highwind,Final Fantasy,3.97,3.84,4.1,3.28,3.79,3,HE'LL YEAH BORTHER,emerging_hoss,Synthetic starter record for Cid Highwind from Final Fantasy.,"Starter label derived from simulated 30-item responses mapped into square, punisher, power, and skull dimensions.",5,4,5,5,3,4,4,5,6,4,5,5,4,4,6,4,4,3,4,5,4,3,4,5,5,5,5,4,3,5
Noctis,Final Fantasy,4.97,4.04,4.35,4.11,4.32,4,🔥🖕💀🖕🔥,full_hoss,Synthetic starter record for Noctis from Final Fantasy.,"Starter label derived from simulated 30-item responses mapped into square, punisher, power, and skull dimensions.",6,6,6,5,6,6,5,5,4,6,5,5,6,5,4,5,6,5,6,4,4,6,6,4,6,6,4,5,5,4
Ardyn,Final Fantasy,1.33,2.04,2.63,3.01,2.29,2,ANUTHER BARB OR DEB OR JONNY,normie_conventional,Synthetic starter record for Ardyn from Final Fantasy.,"Starter label derived from simulated 30-item responses mapped into square, punisher, power, and skull dimensions.",3,3,3,3,1,4,4,3,3,5,4,4,2,2,3,5,2,5,4,5,5,2,3,3,2,2,4,3,3,3
Lightning,Final Fantasy,4.15,3.89,3.44,4.93,4.09,4,🔥🖕💀🖕🔥,full_hoss,Synthetic starter record for Lightning from Final Fantasy.,"Starter label derived from simulated 30-item responses mapped into square, punisher, power, and skull dimensions.",5,5,5,5,5,5,5,4,3,6,4,5,6,6,5,5,5,6,6,6,5,4,4,4,5,4,6,5,5,6
Yuna,Final Fantasy,4.41,4.99,4.91,3.94,4.59,5,🔥🖕💀🖕🔥,apocalypse_hoss,Synthetic starter record for Yuna from Final Fantasy.,"Starter label derived from simulated 30-item responses mapped into square, punisher, power, and skull dimensions.",4,5,6,5,6,6,5,6,6,5,5,6,5,5,6,4,5,5,4,4,3,5,6,5,6,5,6,5,5,5
Squall Leonhart,Final Fantasy,3.93,4.29,3.24,3.14,3.67,3,HE'LL YEAH BORTHER,emerging_hoss,Synthetic starter record for Squall Leonhart from Final Fantasy.,"Starter label derived from simulated 30-item responses mapped into square, punisher, power, and skull dimensions.",5,5,5,5,4,3,6,5,4,4,5,4,6,5,6,5,5,4,3,4,6,5,5,5,4,5,5,6,4,6
Terra Branford,Final Fantasy,2.9,1.6,2.36,2.44,2.26,2,ANUTHER BARB OR DEB OR JONNY,normie_conventional,Synthetic starter record for Terra Branford from Final Fantasy.,"Starter label derived from simulated 30-item responses mapped into square, punisher, power, and skull dimensions.",4,4,3,4,4,3,2,2,3,4,3,3,6,2,3,2,2,5,4,4,4,5,3,2,3,3,3,5,3,3
Kefka,Final Fantasy,3.87,4.45,4.53,5,4.49,4,🔥🖕💀🖕🔥,full_hoss,Synthetic starter record for Kefka from Final Fantasy.,"Starter label derived from simulated 30-item responses mapped into square, punisher, power, and skull dimensions.",5,5,4,4,6,5,6,5,5,4,6,6,6,5,5,5,6,6,6,6,6,5,5,6,4,6,6,4,6,6
Vivi,Final Fantasy,2.38,1.64,3.28,2.22,2.34,2,ANUTHER BARB OR DEB OR JONNY,normie_conventional,Synthetic starter record for Vivi from Final Fantasy.,"Starter label derived from simulated 30-item responses mapped into square, punisher, power, and skull dimensions.",4,3,4,3,3,3,2,3,4,4,5,4,5,3,1,4,2,4,3,3,4,3,3,4,5,3,3,3,5,3
Auron,Final Fantasy,4.07,4.05,3.0,2.7,3.45,3,HE'LL YEAH BORTHER,emerging_hoss,Synthetic starter record for Auron from Final Fantasy.,"Starter label derived from simulated 30-item responses mapped into square, punisher, power, and skull dimensions.",4,5,5,6,6,5,6,6,4,4,3,4,4,4,5,4,4,3,3,4,3,4,5,5,5,4,6,6,3,5
Tidus,Final Fantasy,2.89,2.88,1.95,3.17,2.72,2,ANUTHER BARB OR DEB OR JONNY,normie_conventional,Synthetic starter record for Tidus from Final Fantasy.,"Starter label derived from simulated 30-item responses mapped into square, punisher, power, and skull dimensions.",4,3,4,4,6,5,4,4,4,3,3,3,3,2,3,3,4,5,6,4,6,5,4,2,4,3,4,4,5,2
Jecht,Final Fantasy,5,5,4.1,4.43,4.63,5,🔥🖕💀🖕🔥,apocalypse_hoss,Synthetic starter record for Jecht from Final Fantasy.,"Starter label derived from simulated 30-item responses mapped into square, punisher, power, and skull dimensions.",5,6,5,5,6,6,5,6,5,5,5,5,6,5,6,6,5,5,5,6,6,6,6,5,6,4,6,6,5,6
Sora,Kingdom Hearts,4.71,5,5,4.06,4.71,5,🔥🖕💀🖕🔥,apocalypse_hoss,Synthetic starter record for Sora from Kingdom Hearts.,"Starter label derived from simulated 30-item responses mapped into square, punisher, power, and skull dimensions.",6,6,6,6,5,5,5,6,5,5,6,5,6,4,6,4,6,5,6,4,5,5,6,6,6,5,6,6,5,6
Riku,Kingdom Hearts,3.97,3.38,3.96,2.73,3.48,3,HE'LL YEAH BORTHER,emerging_hoss,Synthetic starter record for Riku from Kingdom Hearts.,"Starter label derived from simulated 30-item responses mapped into square, punisher, power, and skull dimensions.",6,3,5,4,4,5,5,4,6,4,4,6,5,3,5,3,5,5,3,5,3,6,5,5,4,4,3,5,2,5
Kairi,Kingdom Hearts,4.3,4.21,4.14,4.4,4.26,4,🔥🖕💀🖕🔥,full_hoss,Synthetic starter record for Kairi from Kingdom Hearts.,"Starter label derived from simulated 30-item responses mapped into square, punisher, power, and skull dimensions.",5,5,5,6,6,5,4,6,5,4,5,5,5,5,5,5,5,6,5,5,5,4,5,5,6,5,6,5,6,6
King Mickey,Kingdom Hearts,4.15,3.48,3.32,4.21,3.76,3,HE'LL YEAH BORTHER,emerging_hoss,Synthetic starter record for King Mickey from Kingdom Hearts.,"Starter label derived from simulated 30-item responses mapped into square, punisher, power, and skull dimensions.",5,5,5,6,4,4,4,4,5,4,4,4,5,5,5,4,5,5,6,5,6,5,5,3,5,4,5,5,6,4
Donald Duck,Kingdom Hearts,3.7,3.99,4.01,3.82,3.89,3,HE'LL YEAH BORTHER,emerging_hoss,Synthetic starter record for Donald Duck from Kingdom Hearts.,"Starter label derived from simulated 30-item responses mapped into square, punisher, power, and skull dimensions.",5,4,5,5,5,5,5,4,4,6,5,5,5,4,4,6,5,5,5,6,4,6,3,5,6,5,5,4,6,5
Goofy,Kingdom Hearts,1.38,2.17,2.26,2.22,2.05,2,ANUTHER BARB OR DEB OR JONNY,normie_conventional,Synthetic starter record for Goofy from Kingdom Hearts.,"Starter label derived from simulated 30-item responses mapped into square, punisher, power, and skull dimensions.",2,2,2,3,3,3,3,4,4,3,4,4,2,1,5,2,3,3,4,3,3,3,3,3,3,3,4,2,3,3
Xehanort,Kingdom Hearts,3.22,3.81,3.08,2.7,3.23,3,HE'LL YEAH BORTHER,emerging_hoss,Synthetic starter record for Xehanort from Kingdom Hearts.,"Starter label derived from simulated 30-item responses mapped into square, punisher, power, and skull dimensions.",6,6,4,4,6,5,5,5,3,4,4,4,3,4,5,3,4,2,4,2,3,5,4,5,3,4,5,4,5,5
Ansem,Kingdom Hearts,2.42,2.83,1.23,1.5,2.01,2,ANUTHER BARB OR DEB OR JONNY,normie_conventional,Synthetic starter record for Ansem from Kingdom Hearts.,"Starter label derived from simulated 30-item responses mapped into square, punisher, power, and skull dimensions.",2,4,5,4,4,5,2,4,1,2,2,2,4,3,5,2,3,5,2,3,2,4,4,2,4,5,5,3,2,5
Xemnas,Kingdom Hearts,3.64,3.58,3.66,3.78,3.66,3,HE'LL YEAH BORTHER,emerging_hoss,Synthetic starter record for Xemnas from Kingdom Hearts.,"Starter label derived from simulated 30-item responses mapped into square, punisher, power, and skull dimensions.",5,5,5,5,3,4,5,5,5,6,4,5,6,4,6,3,5,6,5,5,5,4,5,5,4,6,5,4,3,4
Aqua,Kingdom Hearts,4.17,4.14,4.68,4.61,4.4,4,🔥🖕💀🖕🔥,full_hoss,Synthetic starter record for Aqua from Kingdom Hearts.,"Starter label derived from simulated 30-item responses mapped into square, punisher, power, and skull dimensions.",5,4,6,4,6,5,6,6,5,5,5,5,5,6,4,5,6,6,5,5,5,4,6,6,5,4,5,5,6,5
Terra,Kingdom Hearts,1.42,2.88,2.57,2.99,2.54,2,ANUTHER BARB OR DEB OR JONNY,normie_conventional,Synthetic starter record for Terra from Kingdom Hearts.,"Starter label derived from simulated 30-item responses mapped into square, punisher, power, and skull dimensions.",4,2,3,4,3,5,4,3,4,4,4,4,3,3,4,4,2,3,3,4,4,2,3,4,4,4,4,3,5,4
Ventus,Kingdom Hearts,4.17,4.17,4.2,3.05,3.9,3,HE'LL YEAH BORTHER,emerging_hoss,Synthetic starter record for Ventus from Kingdom Hearts.,"Starter label derived from simulated 30-item responses mapped into square, punisher, power, and skull dimensions.",6,6,5,6,6,4,6,4,5,5,6,5,5,5,5,4,5,5,5,4,4,6,5,5,6,6,6,5,4,6
Axel,Kingdom Hearts,2.28,3.36,2.72,2.91,2.87,2,ANUTHER BARB OR DEB OR JONNY,normie_conventional,Synthetic starter record for Axel from Kingdom Hearts.,"Starter label derived from simulated 30-item responses mapped into square, punisher, power, and skull dimensions.",4,4,4,4,4,4,5,3,3,4,4,5,3,3,5,5,3,5,4,5,4,3,3,3,3,3,5,3,5,5
Roxas,Kingdom Hearts,3.9,4.11,3.47,3.38,3.72,3,HE'LL YEAH BORTHER,emerging_hoss,Synthetic starter record for Roxas from Kingdom Hearts.,"Starter label derived from simulated 30-item responses mapped into square, punisher, power, and skull dimensions.",5,4,5,6,4,5,6,5,5,5,4,4,4,4,5,5,4,4,5,5,5,3,4,2,5,4,5,6,5,5
Link,Zelda,2.41,1.98,2.5,2.93,2.43,2,ANUTHER BARB OR DEB OR JONNY,normie_conventional,Synthetic starter record for Link from Zelda.,"Starter label derived from simulated 30-item responses mapped into square, punisher, power, and skull dimensions.",4,3,4,4,2,3,2,4,2,3,4,4,3,4,3,5,4,5,3,4,4,3,2,4,4,3,4,4,4,2
Zelda,Zelda,2.7,1.49,2.07,2.17,2.05,2,ANUTHER BARB OR DEB OR JONNY,normie_conventional,Synthetic starter record for Zelda from Zelda.,"Starter label derived from simulated 30-item responses mapped into square, punisher, power, and skull dimensions.",3,3,5,4,3,2,3,3,5,4,4,3,4,3,3,3,4,4,3,3,4,5,3,3,4,3,3,4,3,4
Ganondorf,Zelda,5,4.57,5,4.39,4.72,5,🔥🖕💀🖕🔥,apocalypse_hoss,Synthetic starter record for Ganondorf from Zelda.,"Starter label derived from simulated 30-item responses mapped into square, punisher, power, and skull dimensions.",6,6,6,5,6,6,6,5,6,5,6,6,4,6,6,6,5,6,5,5,6,6,6,5,6,6,6,5,6,4
Midna,Zelda,3.16,2.28,2.64,3.2,2.77,2,ANUTHER BARB OR DEB OR JONNY,normie_conventional,Synthetic starter record for Midna from Zelda.,"Starter label derived from simulated 30-item responses mapped into square, punisher, power, and skull dimensions.",4,5,4,4,4,5,2,4,5,3,4,5,5,2,3,3,4,4,4,4,4,4,3,3,4,3,4,3,5,3
Impa,Zelda,4.87,4.3,4.77,4.61,4.61,5,🔥🖕💀🖕🔥,apocalypse_hoss,Synthetic starter record for Impa from Zelda.,"Starter label derived from simulated 30-item responses mapped into square, punisher, power, and skull dimensions.",6,5,5,6,6,4,6,5,5,6,6,6,6,6,5,6,6,6,6,6,4,6,6,6,5,4,4,6,6,5
Ghirahim,Zelda,4.49,4.73,3.91,3.99,4.29,4,🔥🖕💀🖕🔥,full_hoss,Synthetic starter record for Ghirahim from Zelda.,"Starter label derived from simulated 30-item responses mapped into square, punisher, power, and skull dimensions.",5,5,4,6,5,5,5,6,6,5,6,6,6,6,5,6,5,5,4,5,5,5,6,6,6,5,6,4,4,6
Skull Kid,Zelda,4.42,4.15,3.96,4.46,4.23,4,🔥🖕💀🖕🔥,full_hoss,Synthetic starter record for Skull Kid from Zelda.,"Starter label derived from simulated 30-item responses mapped into square, punisher, power, and skull dimensions.",5,5,5,5,5,5,6,4,4,4,6,6,4,5,6,5,6,5,6,6,6,4,6,5,6,5,6,6,6,4
Urbosa,Zelda,3.77,4.34,3.26,3.9,3.85,3,HE'LL YEAH BORTHER,emerging_hoss,Synthetic starter record for Urbosa from Zelda.,"Starter label derived from simulated 30-item responses mapped into square, punisher, power, and skull dimensions.",4,5,5,5,5,4,5,6,4,4,3,3,5,6,5,4,5,4,5,6,5,5,6,4,5,5,6,4,5,6
Mipha,Zelda,4.31,4.05,3.89,3.3,3.88,3,HE'LL YEAH BORTHER,emerging_hoss,Synthetic starter record for Mipha from Zelda.,"Starter label derived from simulated 30-item responses mapped into square, punisher, power, and skull dimensions.",5,6,4,6,5,6,5,5,5,6,4,5,4,5,6,4,5,4,5,5,5,6,6,5,6,5,5,6,4,6
Daruk,Zelda,3.41,4.06,3.0,2.87,3.37,3,HE'LL YEAH BORTHER,emerging_hoss,Synthetic starter record for Daruk from Zelda.,"Starter label derived from simulated 30-item responses mapped into square, punisher, power, and skull dimensions.",5,3,4,5,6,5,4,5,3,4,4,2,5,5,6,3,3,3,3,5,3,4,5,4,6,4,6,5,3,5
Mario,Mario,2.73,2.02,1.38,2.15,2.03,2,ANUTHER BARB OR DEB OR JONNY,normie_conventional,Synthetic starter record for Mario from Mario.,"Starter label derived from simulated 30-item responses mapped into square, punisher, power, and skull dimensions.",3,3,3,4,2,2,3,4,2,3,3,2,4,4,3,3,3,3,3,3,3,3,4,3,4,4,3,2,4,3
Luigi,Mario,5,5,4.12,4.44,4.64,5,🔥🖕💀🖕🔥,apocalypse_hoss,Synthetic starter record for Luigi from Mario.,"Starter label derived from simulated 30-item responses mapped into square, punisher, power, and skull dimensions.",6,4,6,6,6,5,4,5,5,5,5,5,6,5,6,6,6,6,4,4,4,6,5,5,6,6,6,6,5,6
Princess Peach,Mario,2.03,2.07,1.78,1.6,1.87,1,WHISPURIN LIBRUL,soft_square,Synthetic starter record for Princess Peach from Mario.,"Starter label derived from simulated 30-item responses mapped into square, punisher, power, and skull dimensions.",2,3,4,3,3,2,1,4,2,2,1,4,4,2,3,2,3,3,3,3,3,2,3,3,3,2,3,2,2,2
Bowser,Mario,5,4.4,4.22,4.1,4.4,4,🔥🖕💀🖕🔥,full_hoss,Synthetic starter record for Bowser from Mario.,"Starter label derived from simulated 30-item responses mapped into square, punisher, power, and skull dimensions.",6,6,6,5,6,4,6,5,5,6,5,6,6,6,5,5,5,5,6,5,6,6,4,4,5,5,6,6,5,5
Wario,Mario,2.8,2.68,1.44,2.43,2.33,2,ANUTHER BARB OR DEB OR JONNY,normie_conventional,Synthetic starter record for Wario from Mario.,"Starter label derived from simulated 30-item responses mapped into square, punisher, power, and skull dimensions.",4,5,4,4,2,4,4,5,2,3,4,2,5,4,2,3,3,3,4,3,4,4,5,3,5,5,6,5,2,3
Waluigi,Mario,1.35,1.16,1.64,2.64,1.69,1,WHISPURIN LIBRUL,soft_square,Synthetic starter record for Waluigi from Mario.,"Starter label derived from simulated 30-item responses mapped into square, punisher, power, and skull dimensions.",3,3,4,3,2,2,1,2,2,1,2,4,3,3,2,3,4,5,3,4,4,2,2,2,3,2,3,2,5,2
Yoshi,Mario,2.62,3.43,3.24,3.37,3.2,3,HE'LL YEAH BORTHER,emerging_hoss,Synthetic starter record for Yoshi from Mario.,"Starter label derived from simulated 30-item responses mapped into square, punisher, power, and skull dimensions.",5,3,3,2,5,5,5,3,5,4,4,3,3,4,5,5,4,4,4,5,4,3,4,6,2,6,5,4,3,3
Princess Daisy,Mario,2.1,2.24,2.77,2.54,2.42,2,ANUTHER BARB OR DEB OR JONNY,normie_conventional,Synthetic starter record for Princess Daisy from Mario.,"Starter label derived from simulated 30-item responses mapped into square, punisher, power, and skull dimensions.",4,4,2,2,4,3,2,5,3,3,5,3,2,4,3,6,4,6,4,4,3,3,3,4,4,2,3,1,5,3
Toad,Mario,3.9,3.91,2.64,4.2,3.66,3,HE'LL YEAH BORTHER,emerging_hoss,Synthetic starter record for Toad from Mario.,"Starter label derived from simulated 30-item responses mapped into square, punisher, power, and skull dimensions.",4,6,6,5,6,4,5,5,4,4,4,3,5,5,6,5,4,6,4,6,6,6,5,4,5,4,5,6,4,3
Rosalina,Mario,5,4.8,4.48,4.26,4.63,5,🔥🖕💀🖕🔥,apocalypse_hoss,Synthetic starter record for Rosalina from Mario.,"Starter label derived from simulated 30-item responses mapped into square, punisher, power, and skull dimensions.",6,5,5,6,6,6,6,6,4,5,6,6,5,6,5,6,6,5,5,6,5,5,6,5,6,6,5,6,5,5
Tony Soprano,The Sopranos,4.33,3.75,3.01,3.9,3.72,3,HE'LL YEAH BORTHER,emerging_hoss,Synthetic starter record for Tony Soprano from The Sopranos.,"Starter label derived from simulated 30-item responses mapped into square, punisher, power, and skull dimensions.",5,5,6,5,5,5,4,4,4,5,5,4,6,6,4,6,5,4,5,5,6,6,5,4,5,5,4,5,6,6
Carmela Soprano,The Sopranos,3.93,4.34,3.92,3.54,3.96,3,HE'LL YEAH BORTHER,emerging_hoss,Synthetic starter record for Carmela Soprano from The Sopranos.,"Starter label derived from simulated 30-item responses mapped into square, punisher, power, and skull dimensions.",5,5,5,5,5,6,5,6,4,3,5,5,5,4,4,5,4,5,5,5,6,5,6,5,4,5,5,4,5,5
Christopher Moltisanti,The Sopranos,5,4.44,5,5,4.83,5,🔥🖕💀🖕🔥,apocalypse_hoss,Synthetic starter record for Christopher Moltisanti from The Sopranos.,"Starter label derived from simulated 30-item responses mapped into square, punisher, power, and skull dimensions.",6,6,6,5,6,5,5,4,6,6,6,6,6,5,5,5,6,5,6,6,6,6,6,4,6,5,6,5,6,6
Paulie Walnuts,The Sopranos,4.21,4.23,3.47,4.82,4.19,4,🔥🖕💀🖕🔥,full_hoss,Synthetic starter record for Paulie Walnuts from The Sopranos.,"Starter label derived from simulated 30-item responses mapped into square, punisher, power, and skull dimensions.",6,5,6,4,6,4,6,5,5,4,5,5,4,5,5,6,5,6,6,6,5,5,5,4,5,5,5,4,6,4
Silvio Dante,The Sopranos,3.18,2.78,2.43,3.02,2.83,2,ANUTHER BARB OR DEB OR JONNY,normie_conventional,Synthetic starter record for Silvio Dante from The Sopranos.,"Starter label derived from simulated 30-item responses mapped into square, punisher, power, and skull dimensions.",3,5,5,3,4,3,3,4,3,4,3,2,4,5,4,3,4,3,4,3,5,4,6,4,3,4,5,4,4,4
AJ Soprano,The Sopranos,2.51,1.42,1.87,2.34,1.98,1,WHISPURIN LIBRUL,soft_square,Synthetic starter record for AJ Soprano from The Sopranos.,"Starter label derived from simulated 30-item responses mapped into square, punisher, power, and skull dimensions.",3,4,3,2,3,1,2,3,2,5,3,3,3,5,3,3,4,2,3,4,3,3,5,4,3,3,2,3,4,3
Meadow Soprano,The Sopranos,3.69,3.45,3.24,2.57,3.22,3,HE'LL YEAH BORTHER,emerging_hoss,Synthetic starter record for Meadow Soprano from The Sopranos.,"Starter label derived from simulated 30-item responses mapped into square, punisher, power, and skull dimensions.",4,4,5,5,4,3,4,5,5,3,4,5,4,4,5,4,3,3,3,4,4,5,4,5,5,4,5,5,4,4
Junior Soprano,The Sopranos,3.75,4.09,4.03,2.68,3.66,3,HE'LL YEAH BORTHER,emerging_hoss,Synthetic starter record for Junior Soprano from The Sopranos.,"Starter label derived from simulated 30-item responses mapped into square, punisher, power, and skull dimensions.",5,6,2,5,6,5,5,6,5,4,4,5,5,4,5,5,1,5,4,4,4,5,5,5,4,6,4,5,3,4
Richie Aprile,The Sopranos,5,5,4.47,4.82,4.82,5,🔥🖕💀🖕🔥,apocalypse_hoss,Synthetic starter record for Richie Aprile from The Sopranos.,"Starter label derived from simulated 30-item responses mapped into square, punisher, power, and skull dimensions.",6,6,6,5,5,6,5,6,6,6,5,6,5,5,6,6,6,5,4,6,5,6,6,6,6,5,6,6,6,5
Ralph Cifaretto,The Sopranos,4.01,5,4.79,4.45,4.61,5,🔥🖕💀🖕🔥,apocalypse_hoss,Synthetic starter record for Ralph Cifaretto from The Sopranos.,"Starter label derived from simulated 30-item responses mapped into square, punisher, power, and skull dimensions.",6,5,5,4,5,6,6,6,6,5,6,5,5,5,5,5,5,5,4,6,6,6,5,5,4,5,5,5,4,6
Jon Snow,Game of Thrones,3.77,3.43,2.58,4.02,3.43,3,HE'LL YEAH BORTHER,emerging_hoss,Synthetic starter record for Jon Snow from Game of Thrones.,"Starter label derived from simulated 30-item responses mapped into square, punisher, power, and skull dimensions.",5,4,6,5,6,5,6,4,3,5,4,5,5,5,5,4,6,4,3,5,6,6,5,4,5,5,5,5,5,5
Arya Stark,Game of Thrones,2.53,4.16,3.46,2.08,3.14,3,HE'LL YEAH BORTHER,emerging_hoss,Synthetic starter record for Arya Stark from Game of Thrones.,"Starter label derived from simulated 30-item responses mapped into square, punisher, power, and skull dimensions.",4,3,4,3,6,5,5,5,6,5,3,4,4,3,5,2,3,2,4,5,3,5,4,4,3,4,5,4,4,5
Tyrion Lannister,Game of Thrones,3.48,3.73,3.55,2.47,3.32,3,HE'LL YEAH BORTHER,emerging_hoss,Synthetic starter record for Tyrion Lannister from Game of Thrones.,"Starter label derived from simulated 30-item responses mapped into square, punisher, power, and skull dimensions.",5,4,5,5,5,4,4,5,6,6,4,5,5,4,5,3,4,3,3,5,3,5,4,4,4,5,5,4,4,4
Cersei Lannister,Game of Thrones,3.7,3.83,3.88,3.21,3.66,3,HE'LL YEAH BORTHER,emerging_hoss,Synthetic starter record for Cersei Lannister from Game of Thrones.,"Starter label derived from simulated 30-item responses mapped into square, punisher, power, and skull dimensions.",6,4,4,3,4,5,5,5,6,5,4,5,5,6,4,5,5,5,5,5,3,4,3,5,6,5,5,5,4,4
Tywin Lannister,Game of Thrones,3.83,4.67,3.37,4.3,4.08,4,🔥🖕💀🖕🔥,full_hoss,Synthetic starter record for Tywin Lannister from Game of Thrones.,"Starter label derived from simulated 30-item responses mapped into square, punisher, power, and skull dimensions.",5,6,4,4,5,6,5,5,5,5,4,4,6,3,6,5,6,6,6,6,5,6,4,5,5,4,6,5,6,6
Daenerys Targaryen,Game of Thrones,1.88,1.21,2.44,2.13,1.88,1,WHISPURIN LIBRUL,soft_square,Synthetic starter record for Daenerys Targaryen from Game of Thrones.,"Starter label derived from simulated 30-item responses mapped into square, punisher, power, and skull dimensions.",4,3,1,4,2,3,4,3,3,3,2,4,3,2,3,4,4,3,3,2,2,3,3,4,3,2,1,4,3,2
Ramsay Bolton,Game of Thrones,3.36,3.38,3.66,3.8,3.55,3,HE'LL YEAH BORTHER,emerging_hoss,Synthetic starter record for Ramsay Bolton from Game of Thrones.,"Starter label derived from simulated 30-item responses mapped into square, punisher, power, and skull dimensions.",4,6,4,4,4,3,4,4,4,5,4,4,5,5,4,6,4,6,5,4,5,4,5,5,4,4,5,5,4,4
The Hound,Game of Thrones,1.8,2.02,2.61,2.07,2.14,2,ANUTHER BARB OR DEB OR JONNY,normie_conventional,Synthetic starter record for The Hound from Game of Thrones.,"Starter label derived from simulated 30-item responses mapped into square, punisher, power, and skull dimensions.",2,3,3,3,2,2,2,4,4,4,4,4,3,2,2,4,3,4,2,3,5,2,3,5,3,3,1,3,3,4
Jaime Lannister,Game of Thrones,5,4.79,4.45,4.35,4.64,5,🔥🖕💀🖕🔥,apocalypse_hoss,Synthetic starter record for Jaime Lannister from Game of Thrones.,"Starter label derived from simulated 30-item responses mapped into square, punisher, power, and skull dimensions.",6,6,6,6,6,6,6,6,6,6,6,6,6,6,5,6,5,6,6,6,6,6,5,6,6,6,6,6,4,5
Sansa Stark,Game of Thrones,2.37,3.02,2.32,2.83,2.67,2,ANUTHER BARB OR DEB OR JONNY,normie_conventional,Synthetic starter record for Sansa Stark from Game of Thrones.,"Starter label derived from simulated 30-item responses mapped into square, punisher, power, and skull dimensions.",3,3,3,5,5,5,3,4,4,4,2,3,3,4,5,3,6,4,6,4,4,5,3,3,5,4,4,2,5,5
Captain America,Marvel,2.33,2.95,2.53,2.94,2.72,2,ANUTHER BARB OR DEB OR JONNY,normie_conventional,Synthetic starter record for Captain America from Marvel.,"Starter label derived from simulated 30-item responses mapped into square, punisher, power, and skull dimensions.",3,3,3,3,3,4,4,4,4,5,3,4,2,4,4,3,3,5,3,4,6,3,4,1,2,4,4,5,4,2
Iron Man,Marvel,4.92,4.55,4.74,3.91,4.51,5,🔥🖕💀🖕🔥,apocalypse_hoss,Synthetic starter record for Iron Man from Marvel.,"Starter label derived from simulated 30-item responses mapped into square, punisher, power, and skull dimensions.",6,6,6,4,6,5,6,6,5,6,6,6,6,6,6,6,4,6,5,6,5,6,5,6,6,6,6,6,5,5
Thor,Marvel,2.81,2.99,2.46,1.91,2.55,2,ANUTHER BARB OR DEB OR JONNY,normie_conventional,Synthetic starter record for Thor from Marvel.,"Starter label derived from simulated 30-item responses mapped into square, punisher, power, and skull dimensions.",3,4,3,6,2,6,4,4,4,3,3,2,3,3,4,2,2,3,2,3,3,3,4,2,2,3,4,3,2,6
Black Widow,Marvel,3.31,3.61,2.86,1.76,2.9,2,ANUTHER BARB OR DEB OR JONNY,normie_conventional,Synthetic starter record for Black Widow from Marvel.,"Starter label derived from simulated 30-item responses mapped into square, punisher, power, and skull dimensions.",4,3,6,4,4,5,5,4,5,5,4,3,4,3,5,3,2,3,5,2,1,5,4,3,5,5,5,5,4,5
Hulk,Marvel,3.76,3.32,3.73,2.34,3.27,3,HE'LL YEAH BORTHER,emerging_hoss,Synthetic starter record for Hulk from Marvel.,"Starter label derived from simulated 30-item responses mapped into square, punisher, power, and skull dimensions.",4,4,4,6,3,5,4,4,3,3,5,5,5,5,5,4,4,2,5,3,2,4,6,5,5,5,5,5,3,5
Loki,Marvel,3.88,3.93,3.43,2.39,3.41,3,HE'LL YEAH BORTHER,emerging_hoss,Synthetic starter record for Loki from Marvel.,"Starter label derived from simulated 30-item responses mapped into square, punisher, power, and skull dimensions.",6,6,6,3,5,5,6,4,4,6,5,3,5,6,4,4,3,2,3,4,4,4,6,4,5,5,4,5,3,3
Thanos,Marvel,3.36,4.24,3.26,3.62,3.66,3,HE'LL YEAH BORTHER,emerging_hoss,Synthetic starter record for Thanos from Marvel.,"Starter label derived from simulated 30-item responses mapped into square, punisher, power, and skull dimensions.",4,4,4,6,6,6,6,5,4,4,4,5,4,3,5,4,3,4,5,3,5,5,4,5,5,5,4,4,5,5
Magneto,Marvel,1.61,3.07,3.11,3.57,2.91,2,ANUTHER BARB OR DEB OR JONNY,normie_conventional,Synthetic starter record for Magneto from Marvel.,"Starter label derived from simulated 30-item responses mapped into square, punisher, power, and skull dimensions.",2,3,3,2,4,4,5,5,4,3,5,5,2,3,5,3,5,6,5,4,6,3,3,4,3,3,3,1,5,4
Professor X,Marvel,5,4.61,4.34,3.76,4.41,4,🔥🖕💀🖕🔥,full_hoss,Synthetic starter record for Professor X from Marvel.,"Starter label derived from simulated 30-item responses mapped into square, punisher, power, and skull dimensions.",6,5,6,6,5,5,6,4,5,6,5,5,6,5,5,5,4,6,3,5,5,6,5,6,6,6,6,6,5,5
Doctor Doom,Marvel,2.12,2.07,2.18,2.91,2.32,2,ANUTHER BARB OR DEB OR JONNY,normie_conventional,Synthetic starter record for Doctor Doom from Marvel.,"Starter label derived from simulated 30-item responses mapped into square, punisher, power, and skull dimensions.",4,3,3,5,3,2,2,3,4,4,3,4,3,3,3,4,5,3,3,4,6,2,2,3,4,3,3,3,3,3
Batman,DC,1.05,2.83,1.86,2.36,2.12,2,ANUTHER BARB OR DEB OR JONNY,normie_conventional,Synthetic starter record for Batman from DC.,"Starter label derived from simulated 30-item responses mapped into square, punisher, power, and skull dimensions.",3,1,2,2,3,3,5,3,3,4,3,4,1,2,5,2,1,4,5,5,2,1,1,4,4,4,4,1,4,3
Superman,DC,3.95,4.66,4.62,5,4.59,5,🔥🖕💀🖕🔥,apocalypse_hoss,Synthetic starter record for Superman from DC.,"Starter label derived from simulated 30-item responses mapped into square, punisher, power, and skull dimensions.",5,5,6,5,5,6,4,5,6,5,5,6,6,5,5,6,6,6,6,6,6,6,4,5,4,6,5,6,4,6
Wonder Woman,DC,3.84,4.11,3.98,4.03,4.0,4,🔥🖕💀🖕🔥,full_hoss,Synthetic starter record for Wonder Woman from DC.,"Starter label derived from simulated 30-item responses mapped into square, punisher, power, and skull dimensions.",5,3,5,6,4,5,5,5,6,5,5,4,6,4,5,5,4,5,5,5,5,5,5,4,5,6,5,5,6,6
Joker,DC,3.36,3.15,3.61,2.56,3.16,3,HE'LL YEAH BORTHER,emerging_hoss,Synthetic starter record for Joker from DC.,"Starter label derived from simulated 30-item responses mapped into square, punisher, power, and skull dimensions.",4,4,4,4,5,4,3,4,5,5,5,6,5,4,5,3,3,3,4,5,3,6,4,6,3,3,5,4,4,4
Lex Luthor,DC,5,5,4.17,5,4.79,5,🔥🖕💀🖕🔥,apocalypse_hoss,Synthetic starter record for Lex Luthor from DC.,"Starter label derived from simulated 30-item responses mapped into square, punisher, power, and skull dimensions.",6,6,6,5,6,5,6,6,5,6,6,5,5,5,5,5,6,5,6,6,5,5,6,6,6,6,5,6,6,6
Harley Quinn,DC,4.9,5,4.41,4.39,4.68,5,🔥🖕💀🖕🔥,apocalypse_hoss,Synthetic starter record for Harley Quinn from DC.,"Starter label derived from simulated 30-item responses mapped into square, punisher, power, and skull dimensions.",6,6,6,6,6,6,6,5,5,5,6,5,6,6,6,6,4,6,6,6,5,6,6,5,6,6,6,6,6,6
Darkseid,DC,3.49,4.14,3.03,3.5,3.57,3,HE'LL YEAH BORTHER,emerging_hoss,Synthetic starter record for Darkseid from DC.,"Starter label derived from simulated 30-item responses mapped into square, punisher, power, and skull dimensions.",4,4,6,4,4,5,5,6,5,3,6,5,5,4,5,4,3,4,4,5,4,4,4,3,5,5,5,4,4,6
Rorschach,DC,2.0,2.12,2.33,2.04,2.13,2,ANUTHER BARB OR DEB OR JONNY,normie_conventional,Synthetic starter record for Rorschach from DC.,"Starter label derived from simulated 30-item responses mapped into square, punisher, power, and skull dimensions.",2,2,3,3,3,2,4,3,2,5,2,5,3,3,1,2,4,4,3,2,3,3,3,3,3,2,3,4,2,4
Peacemaker,DC,2.34,1.64,2.11,1.35,1.82,1,WHISPURIN LIBRUL,soft_square,Synthetic starter record for Peacemaker from DC.,"Starter label derived from simulated 30-item responses mapped into square, punisher, power, and skull dimensions.",4,3,3,3,2,3,3,2,1,4,5,2,4,4,2,1,4,3,1,3,3,3,5,3,3,3,4,5,2,2
Bane,DC,2.8,1.73,2.06,2.12,2.12,2,ANUTHER BARB OR DEB OR JONNY,normie_conventional,Synthetic starter record for Bane from DC.,"Starter label derived from simulated 30-item responses mapped into square, punisher, power, and skull dimensions.",2,5,5,4,5,4,4,4,4,2,4,3,3,4,3,4,3,3,4,3,3,4,3,3,2,2,2,4,4,3
Luke Skywalker,Star Wars,1.47,1.94,1.99,2.06,1.89,1,WHISPURIN LIBRUL,soft_square,Synthetic starter record for Luke Skywalker from Star Wars.,"Starter label derived from simulated 30-item responses mapped into square, punisher, power, and skull dimensions.",4,3,1,3,3,2,3,2,3,2,2,3,3,2,2,4,4,1,3,3,4,3,2,2,3,2,1,2,2,2
Leia Organa,Star Wars,3.05,3.98,3.54,3.47,3.56,3,HE'LL YEAH BORTHER,emerging_hoss,Synthetic starter record for Leia Organa from Star Wars.,"Starter label derived from simulated 30-item responses mapped into square, punisher, power, and skull dimensions.",3,4,3,4,4,6,4,5,5,4,6,5,3,5,4,4,4,5,6,3,4,5,4,5,5,4,5,5,4,4
Han Solo,Star Wars,3.15,3.78,3.62,2.15,3.21,3,HE'LL YEAH BORTHER,emerging_hoss,Synthetic starter record for Han Solo from Star Wars.,"Starter label derived from simulated 30-item responses mapped into square, punisher, power, and skull dimensions.",4,4,2,3,5,4,5,5,5,4,5,4,2,4,6,3,4,4,3,3,4,4,5,5,4,6,4,5,3,4
Darth Vader,Star Wars,3.72,5,4.58,3.95,4.38,4,🔥🖕💀🖕🔥,full_hoss,Synthetic starter record for Darth Vader from Star Wars.,"Starter label derived from simulated 30-item responses mapped into square, punisher, power, and skull dimensions.",4,4,4,5,6,5,6,6,5,5,5,6,6,4,6,6,5,6,5,5,3,5,5,6,5,6,6,5,5,5
Palpatine,Star Wars,2.8,4.09,3.75,2.88,3.45,3,HE'LL YEAH BORTHER,emerging_hoss,Synthetic starter record for Palpatine from Star Wars.,"Starter label derived from simulated 30-item responses mapped into square, punisher, power, and skull dimensions.",4,4,5,4,5,4,5,6,5,4,4,4,3,4,5,5,3,3,5,4,4,4,4,5,4,4,5,4,4,6
Obi-Wan Kenobi,Star Wars,2.98,2.27,2.48,1.69,2.32,2,ANUTHER BARB OR DEB OR JONNY,normie_conventional,Synthetic starter record for Obi-Wan Kenobi from Star Wars.,"Starter label derived from simulated 30-item responses mapped into square, punisher, power, and skull dimensions.",4,4,4,4,3,4,4,2,3,4,5,3,4,4,4,3,3,2,2,2,3,4,4,4,5,1,3,3,3,4
Ahsoka Tano,Star Wars,2.03,1.78,1.58,1.56,1.73,1,WHISPURIN LIBRUL,soft_square,Synthetic starter record for Ahsoka Tano from Star Wars.,"Starter label derived from simulated 30-item responses mapped into square, punisher, power, and skull dimensions.",3,4,4,3,3,4,2,2,3,4,3,3,3,4,2,3,2,1,2,3,3,3,3,3,2,2,3,4,3,2
Moff Gideon,Star Wars,1.66,1.05,1.75,2.14,1.62,1,WHISPURIN LIBRUL,soft_square,Synthetic starter record for Moff Gideon from Star Wars.,"Starter label derived from simulated 30-item responses mapped into square, punisher, power, and skull dimensions.",2,2,3,3,2,2,1,3,2,2,3,2,2,4,3,2,3,2,3,2,4,3,4,4,2,3,2,3,3,1
Grand Admiral Thrawn,Star Wars,4.8,4.36,4.92,5,4.75,5,🔥🖕💀🖕🔥,apocalypse_hoss,Synthetic starter record for Grand Admiral Thrawn from Star Wars.,"Starter label derived from simulated 30-item responses mapped into square, punisher, power, and skull dimensions.",6,5,6,6,6,5,6,5,6,6,6,4,5,6,4,6,6,5,6,6,6,5,6,6,6,6,6,6,5,5
Kylo Ren,Star Wars,3.15,4.13,4.44,4.1,4.0,4,🔥🖕💀🖕🔥,full_hoss,Synthetic starter record for Kylo Ren from Star Wars.,"Starter label derived from simulated 30-item responses mapped into square, punisher, power, and skull dimensions.",4,4,4,3,6,4,5,5,6,5,6,5,3,4,6,6,6,4,4,6,5,6,4,4,4,6,4,4,4,6
Kratos,Misc Games/TV,3.64,4.54,4.33,3.41,4.02,4,🔥🖕💀🖕🔥,full_hoss,Synthetic starter record for Kratos from Misc Games/TV.,"Starter label derived from simulated 30-item responses mapped into square, punisher, power, and skull dimensions.",5,5,6,4,4,6,6,6,5,4,4,6,4,4,6,5,4,4,4,5,6,5,5,4,4,6,5,4,6,5
Atreus,Misc Games/TV,4.41,4.3,4.57,4.53,4.45,4,🔥🖕💀🖕🔥,full_hoss,Synthetic starter record for Atreus from Misc Games/TV.,"Starter label derived from simulated 30-item responses mapped into square, punisher, power, and skull dimensions.",6,6,6,5,6,5,5,5,6,6,5,5,5,4,5,5,5,4,5,5,5,6,6,6,5,5,6,4,6,4
Joel Miller,Misc Games/TV,3.72,4.07,3.41,1.78,3.26,3,HE'LL YEAH BORTHER,emerging_hoss,Synthetic starter record for Joel Miller from Misc Games/TV.,"Starter label derived from simulated 30-item responses mapped into square, punisher, power, and skull dimensions.",5,5,4,5,5,5,5,4,5,4,4,5,6,4,5,3,2,2,5,3,3,5,6,4,5,5,6,5,3,6
Ellie Williams,Misc Games/TV,2.03,2.76,3.97,2.59,2.87,2,ANUTHER BARB OR DEB OR JONNY,normie_conventional,Synthetic starter record for Ellie Williams from Misc Games/TV.,"Starter label derived from simulated 30-item responses mapped into square, punisher, power, and skull dimensions.",3,5,4,3,4,4,3,5,5,6,5,5,3,3,4,3,4,4,5,4,2,3,5,5,2,4,2,3,3,3
